{
  "emotion": [
    {
      "signName": "微笑",
      "imageName": "emotion_1_1.png",
      "imageAllCount": "10",
      "imageType": "0",
      "emotionId": "1",
      "animationCircleDuration": "1",
      "animationRepeatCount": "3",
      "imageSequence": [
        "emotion_1_1.png",
        "emotion_1_2.png",
        "emotion_1_3.png",
        "emotion_1_4.png",
        "emotion_1_5.png",
        "emotion_1_6.png",
        "emotion_1_7.png",
        "emotion_1_8.png",
        "emotion_1_9.png",
        "emotion_1_10.png"
      ]
    },
    {
      "signName": "笑哭",
      "imageName": "emotion_2_4.png",
      "imageAllCount": "24",
      "imageType": "0",
      "emotionId": "2",
      "animationCircleDuration": "3",
      "animationRepeatCount": "1",
      "imageSequence": [
        "emotion_2_1.png",
        "emotion_2_2.png",
        "emotion_2_3.png",
        "emotion_2_4.png",
        "emotion_2_5.png",
        "emotion_2_6.png",
        "emotion_2_7.png",
        "emotion_2_8.png",
        "emotion_2_9.png",
        "emotion_2_10.png",
        "emotion_2_11.png",
        "emotion_2_12.png",
        "emotion_2_13.png",
        "emotion_2_14.png",
        "emotion_2_15.png",
        "emotion_2_16.png",
        "emotion_2_17.png",
        "emotion_2_18.png",
        "emotion_2_19.png",
        "emotion_2_20.png",
        "emotion_2_21.png",
        "emotion_2_22.png",
        "emotion_2_23.png",
        "emotion_2_24.png"
      ]
    },
    {
      "signName": "略略略",
      "imageName": "emotion_3_5.png",
      "imageAllCount": "29",
      "imageType": "0",
      "emotionId": "3",
      "animationCircleDuration": "1.5",
      "animationRepeatCount": "2",
      "imageSequence": [
        "emotion_3_1.png",
        "emotion_3_2.png",
        "emotion_3_3.png",
        "emotion_3_4.png",
        "emotion_3_5.png",
        "emotion_3_4.png",
        "emotion_3_5.png",
        "emotion_3_4.png",
        "emotion_3_5.png",
        "emotion_3_4.png",
        "emotion_3_5.png",
        "emotion_3_4.png",
        "emotion_3_5.png",
        "emotion_3_4.png",
        "emotion_3_5.png",
        "emotion_3_4.png",
        "emotion_3_5.png",
        "emotion_3_4.png",
        "emotion_3_5.png",
        "emotion_3_4.png",
        "emotion_3_5.png",
        "emotion_3_4.png",
        "emotion_3_5.png",
        "emotion_3_4.png",
        "emotion_3_5.png",
        "emotion_3_4.png",
        "emotion_3_5.png",
        "emotion_3_4.png",
        "emotion_3_5.png"
      ]
    },
    {
      "signName": "无语",
      "imageName": "emotion_4_9.png",
      "imageAllCount": "11",
      "imageType": "0",
      "emotionId": "4",
      "animationCircleDuration": "1",
      "animationRepeatCount": "3",
      "imageSequence": [
        "emotion_4_1.png",
        "emotion_4_2.png",
        "emotion_4_3.png",
        "emotion_4_4.png",
        "emotion_4_5.png",
        "emotion_4_6.png",
        "emotion_4_7.png",
        "emotion_4_8.png",
        "emotion_4_9.png",
        "emotion_4_10.png",
        "emotion_4_11.png"
      ]
    },
    {
      "signName": "捂脸",
      "imageName": "emotion_5_1.png",
      "imageAllCount": "6",
      "imageType": "0",
      "emotionId": "5",
      "animationCircleDuration": "1",
      "animationRepeatCount": "3",
      "imageSequence": [
        "emotion_5_1.png",
        "emotion_5_2.png",
        "emotion_5_3.png",
        "emotion_5_4.png",
        "emotion_5_5.png",
        "emotion_5_6.png"
      ]
    },
    {
      "signName": "奸笑",
      "imageName": "emotion_6_1.png",
      "imageAllCount": "6",
      "imageType": "0",
      "emotionId": "6",
      "animationCircleDuration": "0.5",
      "animationRepeatCount": "6",
      "imageSequence": [
        "emotion_6_1.png",
        "emotion_6_2.png",
        "emotion_6_3.png",
        "emotion_6_4.png",
        "emotion_6_5.png",
        "emotion_6_6.png"
      ]
    },
    {
      "signName": "色色",
      "imageName": "emotion_7_1.png",
      "imageAllCount": "11",
      "imageType": "0",
      "emotionId": "7",
      "animationCircleDuration": "1",
      "animationRepeatCount": "3",
      "imageSequence": [
        "emotion_7_1.png",
        "emotion_7_2.png",
        "emotion_7_3.png",
        "emotion_7_4.png",
        "emotion_7_5.png",
        "emotion_7_6.png",
        "emotion_7_7.png",
        "emotion_7_8.png",
        "emotion_7_9.png",
        "emotion_7_10.png",
        "emotion_7_11.png"
      ]
    },
    {
      "signName": "哭哭",
      "imageName": "emotion_8_3.png",
      "imageAllCount": "37",
      "imageType": "0",
      "emotionId": "8",
      "animationCircleDuration": "3",
      "animationRepeatCount": "1",
      "imageSequence": [
        "emotion_8_1.png",
        "emotion_8_2.png",
        "emotion_8_3.png",
        "emotion_8_4.png",
        "emotion_8_5.png",
        "emotion_8_6.png",
        "emotion_8_7.png",
        "emotion_8_5.png",
        "emotion_8_6.png",
        "emotion_8_7.png",
        "emotion_8_5.png",
        "emotion_8_6.png",
        "emotion_8_7.png",
        "emotion_8_5.png",
        "emotion_8_6.png",
        "emotion_8_7.png",
        "emotion_8_5.png",
        "emotion_8_6.png",
        "emotion_8_7.png",
        "emotion_8_5.png",
        "emotion_8_6.png",
        "emotion_8_7.png",
        "emotion_8_5.png",
        "emotion_8_6.png",
        "emotion_8_7.png",
        "emotion_8_5.png",
        "emotion_8_6.png",
        "emotion_8_7.png",
        "emotion_8_5.png",
        "emotion_8_6.png",
        "emotion_8_7.png",
        "emotion_8_5.png",
        "emotion_8_6.png",
        "emotion_8_7.png",
        "emotion_8_5.png",
        "emotion_8_6.png",
        "emotion_8_7.png"
      ]
    },
    {
      "signName": "举手",
      "imageName": "emotion_9_6.png",
      "imageAllCount": "9",
      "imageType": "0",
      "emotionId": "9",
      "animationCircleDuration": "1",
      "animationRepeatCount": "3",
      "imageSequence": [
        "emotion_9_1.png",
        "emotion_9_2.png",
        "emotion_9_3.png",
        "emotion_9_4.png",
        "emotion_9_5.png",
        "emotion_9_6.png",
        "emotion_9_7.png",
        "emotion_9_8.png",
        "emotion_9_9.png"
      ]
    },
    {
      "signName": "求礼物",
      "imageName": "emotion_10_1.png",
      "imageAllCount": "15",
      "imageType": "0",
      "emotionId": "10",
      "animationCircleDuration": "1",
      "animationRepeatCount": "3",
      "imageSequence": [
        "emotion_10_1.png",
        "emotion_10_2.png",
        "emotion_10_3.png",
        "emotion_10_4.png",
        "emotion_10_5.png",
        "emotion_10_6.png",
        "emotion_10_7.png",
        "emotion_10_8.png",
        "emotion_10_9.png",
        "emotion_10_10.png",
        "emotion_10_11.png",
        "emotion_10_12.png",
        "emotion_10_13.png",
        "emotion_10_14.png",
        "emotion_10_15.png"
      ]
    },
    {
      "signName": "求勾搭",
      "imageName": "emotion_11_1.png",
      "imageAllCount": "8",
      "imageType": "0",
      "emotionId": "11",
      "animationCircleDuration": "1",
      "animationRepeatCount": "3",
      "imageSequence": [
        "emotion_11_1.png",
        "emotion_11_2.png",
        "emotion_11_3.png",
        "emotion_11_4.png",
        "emotion_11_5.png",
        "emotion_11_6.png",
        "emotion_11_7.png",
        "emotion_11_8.png"
      ]
    },
    {
      "signName": "求关注",
      "imageName": "emotion_12_1.png",
      "imageAllCount": "8",
      "imageType": "0",
      "emotionId": "12",
      "animationCircleDuration": "1",
      "animationRepeatCount": "3",
      "imageSequence": [
        "emotion_12_1.png",
        "emotion_12_2.png",
        "emotion_12_3.png",
        "emotion_12_4.png",
        "emotion_12_5.png",
        "emotion_12_6.png",
        "emotion_12_7.png",
        "emotion_12_8.png"
      ]
    },
    {
      "signName": "挥挥",
      "imageName": "emotion_13_7.png",
      "imageAllCount": "17",
      "imageType": "0",
      "emotionId": "13",
      "animationCircleDuration": "2",
      "animationRepeatCount": "1",
      "imageSequence": [
        "emotion_13_1.png",
        "emotion_13_2.png",
        "emotion_13_3.png",
        "emotion_13_4.png",
        "emotion_13_5.png",
        "emotion_13_6.png",
        "emotion_13_7.png",
        "emotion_13_8.png",
        "emotion_13_9.png",
        "emotion_13_10.png",
        "emotion_13_11.png",
        "emotion_13_12.png",
        "emotion_13_13.png",
        "emotion_13_14.png",
        "emotion_13_15.png",
        "emotion_13_16.png",
        "emotion_13_17.png"
      ]
    },
    {
      "signName": "羞羞",
      "imageName": "emotion_15_4.png",
      "imageAllCount": "12",
      "imageType": "0",
      "emotionId": "15",
      "animationCircleDuration": "0.7",
      "animationRepeatCount": "4",
      "imageSequence": [
        "emotion_15_1.png",
        "emotion_15_2.png",
        "emotion_15_3.png",
        "emotion_15_4.png",
        "emotion_15_5.png",
        "emotion_15_6.png",
        "emotion_15_7.png",
        "emotion_15_8.png",
        "emotion_15_9.png",
        "emotion_15_10.png",
        "emotion_15_11.png",
        "emotion_15_12.png"
      ]
    },
    {
      "signName": "么么哒",
      "imageName": "emotion_16_24.png",
      "imageAllCount": "46",
      "imageType": "0",
      "emotionId": "16",
      "animationCircleDuration": "3",
      "animationRepeatCount": "1",
      "imageSequence": [
        "emotion_16_1.png",
        "emotion_16_2.png",
        "emotion_16_3.png",
        "emotion_16_4.png",
        "emotion_16_5.png",
        "emotion_16_6.png",
        "emotion_16_7.png",
        "emotion_16_8.png",
        "emotion_16_9.png",
        "emotion_16_10.png",
        "emotion_16_11.png",
        "emotion_16_12.png",
        "emotion_16_13.png",
        "emotion_16_14.png",
        "emotion_16_15.png",
        "emotion_16_16.png",
        "emotion_16_17.png",
        "emotion_16_18.png",
        "emotion_16_19.png",
        "emotion_16_20.png",
        "emotion_16_21.png",
        "emotion_16_22.png",
        "emotion_16_23.png",
        "emotion_16_24.png",
        "emotion_16_25.png",
        "emotion_16_26.png",
        "emotion_16_27.png",
        "emotion_16_28.png",
        "emotion_16_29.png",
        "emotion_16_30.png",
        "emotion_16_31.png",
        "emotion_16_32.png",
        "emotion_16_33.png",
        "emotion_16_34.png",
        "emotion_16_35.png",
        "emotion_16_36.png",
        "emotion_16_37.png",
        "emotion_16_38.png",
        "emotion_16_39.png",
        "emotion_16_40.png",
        "emotion_16_41.png",
        "emotion_16_42.png",
        "emotion_16_43.png",
        "emotion_16_44.png",
        "emotion_16_44.png",
        "emotion_16_44.png"
      ]
    },
    {
      "signName": "生气",
      "imageName": "emotion_17_1.png",
      "imageAllCount": "15",
      "imageType": "0",
      "emotionId": "17",
      "animationCircleDuration": "1",
      "animationRepeatCount": "3",
      "imageSequence": [
        "emotion_17_1.png",
        "emotion_17_2.png",
        "emotion_17_3.png",
        "emotion_17_4.png",
        "emotion_17_5.png",
        "emotion_17_6.png",
        "emotion_17_7.png",
        "emotion_17_8.png",
        "emotion_17_9.png",
        "emotion_17_10.png",
        "emotion_17_11.png",
        "emotion_17_12.png",
        "emotion_17_13.png",
        "emotion_17_14.png",
        "emotion_17_15.png"
      ]
    },
    {
      "signName": "谢谢",
      "imageName": "emotion_18_1.png",
      "imageAllCount": "11",
      "imageType": "0",
      "emotionId": "18",
      "animationCircleDuration": "0.7",
      "animationRepeatCount": "4",
      "imageSequence": [
        "emotion_18_1.png",
        "emotion_18_2.png",
        "emotion_18_3.png",
        "emotion_18_4.png",
        "emotion_18_5.png",
        "emotion_18_6.png",
        "emotion_18_7.png",
        "emotion_18_8.png",
        "emotion_18_9.png",
        "emotion_18_10.png",
        "emotion_18_11.png"
      ]
    },
    {
      "signName": "呕吐",
      "imageName": "emotion_19_0.png",
      "imageAllCount": "30",
      "imageType": "0",
      "emotionId": "19",
      "animationCircleDuration": "3",
      "animationRepeatCount": "1",
      "imageSequence": [
        "emotion_19_1.png",
        "emotion_19_2.png",
        "emotion_19_3.png",
        "emotion_19_4.png",
        "emotion_19_5.png",
        "emotion_19_6.png",
        "emotion_19_7.png",
        "emotion_19_8.png",
        "emotion_19_9.png",
        "emotion_19_10.png",
        "emotion_19_11.png",
        "emotion_19_12.png",
        "emotion_19_13.png",
        "emotion_19_14.png",
        "emotion_19_15.png",
        "emotion_19_16.png",
        "emotion_19_17.png",
        "emotion_19_18.png",
        "emotion_19_19.png",
        "emotion_19_20.png",
        "emotion_19_21.png",
        "emotion_19_22.png",
        "emotion_19_23.png",
        "emotion_19_24.png",
        "emotion_19_25.png",
        "emotion_19_26.png",
        "emotion_19_27.png",
        "emotion_19_28.png",
        "emotion_19_29.png",
        "emotion_19_30.png"
      ]
    },
    {
      "signName": "比心",
      "imageName": "emotion_21_0.png",
      "imageAllCount": "30",
      "imageType": "0",
      "emotionId": "20",
      "animationCircleDuration": "3",
      "animationRepeatCount": "1",
      "imageSequence": [
        "emotion_21_1.png",
        "emotion_21_2.png",
        "emotion_21_3.png",
        "emotion_21_4.png",
        "emotion_21_5.png",
        "emotion_21_6.png",
        "emotion_21_7.png",
        "emotion_21_8.png",
        "emotion_21_9.png",
        "emotion_21_10.png",
        "emotion_21_11.png",
        "emotion_21_12.png",
        "emotion_21_13.png",
        "emotion_21_14.png",
        "emotion_21_15.png",
        "emotion_21_16.png",
        "emotion_21_17.png",
        "emotion_21_18.png",
        "emotion_21_19.png",
        "emotion_21_20.png",
        "emotion_21_21.png",
        "emotion_21_22.png",
        "emotion_21_23.png",
        "emotion_21_24.png",
        "emotion_21_25.png",
        "emotion_21_26.png",
        "emotion_21_27.png",
        "emotion_21_28.png",
        "emotion_21_29.png",
        "emotion_21_30.png"
      ]
    }
  ]
}
